{
    "content_scripts": [
        "content.js"
    ], 
    "description": "FTDNA family tree to Gedcom", 
    "creator": "Kari Kujansuu (kari.kujansuu@gmail.com)", 
    "framework_version": "1.7.9 e39b6ff2fcc8", 
    "background_scripts": [
        "main.js"
    ], 
    "homepage_url": "https://github.com/kkujansuu/dna/tree/master/ftdna2gedcom", 
    "version": "1.2", 
    "framework_package_id": "dev", 
    "browser_button": {
        "caption": "FTDNA family tree to Gedcom", 
        "icon": "icons/gedcom.png", 
        "tooltipText": "FTDNA family tree to Gedcom"
    }, 
    "id": "{1D795F0C-237C-4D65-870B-65F5096F190E}", 
    "name": "FTDNA family tree to Gedcom"
}